ProductID,ProductName,Category,Price
P0001,Product_0001,Clothing,3178.56
P0002,Product_0002,Clothing,633.61
P0003,Product_0003,Electronics,48377.36
P0004,Product_0004,Grocery,1753.38
P0005,Product_0005,Home,21900.61
P0006,Product_0006,Clothing,1962.22
P0007,Product_0007,Grocery,764.46
P0008,Product_0008,Beauty,2461.1
P0009,Product_0009,Clothing,3530.46
P0010,Product_0010,Sports,8559.85
P0011,Product_0011,Home,3886.06
P0012,Product_0012,Clothing,1935.09
P0013,Product_0013,Beauty,459.36
P0014,Product_0014,Home,18613.49
P0015,Product_0015,Clothing,4449.86
P0016,Product_0016,Beauty,371.51
P0017,Product_0017,Grocery,1600.01
P0018,Product_0018,Home,14366.51
P0019,Product_0019,Home,11251.28
P0020,Product_0020,Footwear,6380.89
P0021,Product_0021,Accessories,3609.71
P0022,Product_0022,Home,12351.28
P0023,Product_0023,Clothing,4622.37
P0024,Product_0024,Electronics,43958.59
P0025,Product_0025,Home,2259.02
P0026,Product_0026,Clothing,4780.63
P0027,Product_0027,Grocery,483.09
P0028,Product_0028,Home,19719.27
P0029,Product_0029,Footwear,6654.03
P0030,Product_0030,Electronics,59660.06
P0031,Product_0031,Electronics,41804.25
P0032,Product_0032,Clothing,577.16
P0033,Product_0033,Accessories,1999.64
P0034,Product_0034,Sports,9424.08
P0035,Product_0035,Footwear,7806.37
P0036,Product_0036,Accessories,4870.61
P0037,Product_0037,Electronics,49096.49
P0038,Product_0038,Sports,4510.66
P0039,Product_0039,Beauty,360.61
P0040,Product_0040,Electronics,63390.59
P0041,Product_0041,Sports,13372.57
P0042,Product_0042,Beauty,3126.14
P0043,Product_0043,Grocery,1473.01
P0044,Product_0044,Grocery,2589.91
P0045,Product_0045,Grocery,759.05
P0046,Product_0046,Accessories,2113.91
P0047,Product_0047,Beauty,2612.13
P0048,Product_0048,Beauty,389.46
P0049,Product_0049,Home,17370.19
P0050,Product_0050,Grocery,606.25
P0051,Product_0051,Grocery,1032.8
P0052,Product_0052,Accessories,2189.57
P0053,Product_0053,Beauty,3246.78
P0054,Product_0054,Accessories,514.32
P0055,Product_0055,Beauty,1803.18
P0056,Product_0056,Home,7221.86
P0057,Product_0057,Grocery,54.48
P0058,Product_0058,Home,17445.51
P0059,Product_0059,Beauty,1294.28
P0060,Product_0060,Home,4577.74
P0061,Product_0061,Footwear,9717.01
P0062,Product_0062,Electronics,4577.07
P0063,Product_0063,Beauty,4516.16
P0064,Product_0064,Electronics,55421.78
P0065,Product_0065,Home,4707.79
P0066,Product_0066,Beauty,1848
P0067,Product_0067,Beauty,4757.42
P0068,Product_0068,Grocery,1875.59
P0069,Product_0069,Home,15413.58
P0070,Product_0070,Grocery,1976.56
P0071,Product_0071,Footwear,5928.94
P0072,Product_0072,Footwear,2590.53
P0073,Product_0073,Clothing,1009.19
P0074,Product_0074,Accessories,3499.09
P0075,Product_0075,Sports,13293.94
P0076,Product_0076,Electronics,25066.55
P0077,Product_0077,Beauty,2591.51
P0078,Product_0078,Electronics,79390.67
P0079,Product_0079,Grocery,808.63
P0080,Product_0080,Grocery,1201.13
P0081,Product_0081,Footwear,4807.79
P0082,Product_0082,Accessories,356.41
P0083,Product_0083,Footwear,6457.54
P0084,Product_0084,Sports,3367.56
P0085,Product_0085,Beauty,773.7
P0086,Product_0086,Sports,10743.12
P0087,Product_0087,Grocery,2308.99
P0088,Product_0088,Grocery,2672.23
P0089,Product_0089,Clothing,4690.42
P0090,Product_0090,Grocery,2613.74
P0091,Product_0091,Beauty,744.1
P0092,Product_0092,Clothing,1351.06
P0093,Product_0093,Clothing,875.63
P0094,Product_0094,Beauty,1864.59
P0095,Product_0095,Beauty,751.75
P0096,Product_0096,Footwear,8082.03
P0097,Product_0097,Accessories,3640.23
P0098,Product_0098,Beauty,924.03
P0099,Product_0099,Home,15728.61
P0100,Product_0100,Electronics,3304.67
P0101,Product_0101,Home,11142.07
P0102,Product_0102,Grocery,891.75
P0103,Product_0103,Accessories,4992.78
P0104,Product_0104,Sports,13864.93
P0105,Product_0105,Beauty,865.69
P0106,Product_0106,Footwear,11066.29
P0107,Product_0107,Footwear,5432.33
P0108,Product_0108,Beauty,2946.74
P0109,Product_0109,Footwear,6731.54
P0110,Product_0110,Clothing,3712.94
P0111,Product_0111,Clothing,1874.3
P0112,Product_0112,Clothing,627.51
P0113,Product_0113,Home,10731.86
P0114,Product_0114,Grocery,1656.29
P0115,Product_0115,Beauty,2841.33
P0116,Product_0116,Beauty,3994.1
P0117,Product_0117,Sports,950.12
P0118,Product_0118,Electronics,79065.41
P0119,Product_0119,Footwear,11893.38
P0120,Product_0120,Footwear,1818.89
P0121,Product_0121,Home,8928.43
P0122,Product_0122,Sports,8977.57
P0123,Product_0123,Sports,5787.89
P0124,Product_0124,Beauty,2514.98
P0125,Product_0125,Electronics,27085.38
P0126,Product_0126,Electronics,57402.47
P0127,Product_0127,Home,9418.42
P0128,Product_0128,Footwear,5557.72
P0129,Product_0129,Accessories,2964.36
P0130,Product_0130,Sports,14547.26
P0131,Product_0131,Accessories,3280.66
P0132,Product_0132,Electronics,9108.31
P0133,Product_0133,Sports,4987.84
P0134,Product_0134,Grocery,1288.16
P0135,Product_0135,Electronics,59603.64
P0136,Product_0136,Footwear,5749.69
P0137,Product_0137,Electronics,53239.68
P0138,Product_0138,Grocery,2526.51
P0139,Product_0139,Home,3056.27
P0140,Product_0140,Accessories,3875.55
P0141,Product_0141,Sports,11260.02
P0142,Product_0142,Accessories,4134.62
P0143,Product_0143,Electronics,76551.22
P0144,Product_0144,Home,8085.15
P0145,Product_0145,Grocery,1315.61
P0146,Product_0146,Beauty,1424.01
P0147,Product_0147,Electronics,27177.79
P0148,Product_0148,Electronics,27391.34
P0149,Product_0149,Beauty,4368.41
P0150,Product_0150,Grocery,235.55
P0151,Product_0151,Home,5466.12
P0152,Product_0152,Home,15458.68
P0153,Product_0153,Clothing,3896.42
P0154,Product_0154,Sports,10551.44
P0155,Product_0155,Accessories,423.56
P0156,Product_0156,Electronics,37122.86
P0157,Product_0157,Footwear,2784.55
P0158,Product_0158,Electronics,79069.16
P0159,Product_0159,Electronics,79913.02
P0160,Product_0160,Footwear,1275.15
P0161,Product_0161,Beauty,3388.46
P0162,Product_0162,Accessories,4102.71
P0163,Product_0163,Clothing,1826.47
P0164,Product_0164,Home,17494.09
P0165,Product_0165,Clothing,1182.04
P0166,Product_0166,Electronics,11544.79
P0167,Product_0167,Electronics,74136.19
P0168,Product_0168,Sports,9745.28
P0169,Product_0169,Footwear,9931.5
P0170,Product_0170,Beauty,2733.66
P0171,Product_0171,Footwear,2448.4
P0172,Product_0172,Electronics,31067.43
P0173,Product_0173,Clothing,4443.79
P0174,Product_0174,Sports,529.42
P0175,Product_0175,Clothing,1273.73
P0176,Product_0176,Accessories,1415.78
P0177,Product_0177,Beauty,1425.53
P0178,Product_0178,Grocery,340.83
P0179,Product_0179,Electronics,68085.25
P0180,Product_0180,Beauty,923.64
P0181,Product_0181,Home,20827.02
P0182,Product_0182,Home,9199.01
P0183,Product_0183,Clothing,2449.4
P0184,Product_0184,Footwear,5930.21
P0185,Product_0185,Footwear,8758.58
P0186,Product_0186,Clothing,3737.11
P0187,Product_0187,Accessories,3275.3
P0188,Product_0188,Electronics,62240.83
P0189,Product_0189,Grocery,74.49
P0190,Product_0190,Home,12867.86
P0191,Product_0191,Clothing,2762.92
P0192,Product_0192,Beauty,1310.8
P0193,Product_0193,Footwear,6986.99
P0194,Product_0194,Electronics,38171.85
P0195,Product_0195,Home,12066.75
P0196,Product_0196,Accessories,768.56
P0197,Product_0197,Clothing,2345.73
P0198,Product_0198,Electronics,61664.81
P0199,Product_0199,Beauty,2138.45
P0200,Product_0200,Home,12443.71
P0201,Product_0201,Accessories,4844.1
P0202,Product_0202,Footwear,10551.16
P0203,Product_0203,Electronics,74402.96
P0204,Product_0204,Beauty,526.73
P0205,Product_0205,Grocery,1874.81
P0206,Product_0206,Clothing,1350.04
P0207,Product_0207,Home,10403.97
P0208,Product_0208,Sports,10292.33
P0209,Product_0209,Grocery,1757.8
P0210,Product_0210,Sports,7734.27
P0211,Product_0211,Footwear,9903.27
P0212,Product_0212,Beauty,3460.6
P0213,Product_0213,Beauty,4132.07
P0214,Product_0214,Grocery,2799.2
P0215,Product_0215,Footwear,8745.27
P0216,Product_0216,Home,10187.19
P0217,Product_0217,Home,5713.07
P0218,Product_0218,Home,7137.43
P0219,Product_0219,Electronics,32635.46
P0220,Product_0220,Clothing,3778.43
P0221,Product_0221,Footwear,1153.75
P0222,Product_0222,Sports,12269.94
P0223,Product_0223,Accessories,3839.05
P0224,Product_0224,Home,12735.71
P0225,Product_0225,Sports,6175.1
P0226,Product_0226,Clothing,829.68
P0227,Product_0227,Accessories,1590.57
P0228,Product_0228,Electronics,10105.8
P0229,Product_0229,Grocery,2465.71
P0230,Product_0230,Footwear,6455.52
P0231,Product_0231,Clothing,1459.9
P0232,Product_0232,Sports,565.91
P0233,Product_0233,Grocery,1595.57
P0234,Product_0234,Clothing,3834.81
P0235,Product_0235,Footwear,9361.38
P0236,Product_0236,Footwear,3123.02
P0237,Product_0237,Beauty,4976.05
P0238,Product_0238,Sports,8661.06
P0239,Product_0239,Home,8634.17
P0240,Product_0240,Sports,6074.27
P0241,Product_0241,Grocery,417.09
P0242,Product_0242,Footwear,6274.92
P0243,Product_0243,Clothing,3840.49
P0244,Product_0244,Home,10530.55
P0245,Product_0245,Sports,13042.73
P0246,Product_0246,Footwear,6087.3
P0247,Product_0247,Grocery,2706.8
P0248,Product_0248,Accessories,3575.38
P0249,Product_0249,Sports,1108.64
P0250,Product_0250,Accessories,521.68
P0251,Product_0251,Footwear,9741.2
P0252,Product_0252,Beauty,1880.6
P0253,Product_0253,Sports,3081.9
P0254,Product_0254,Clothing,4367.01
P0255,Product_0255,Home,24591.01
P0256,Product_0256,Beauty,4072.43
P0257,Product_0257,Home,18265.67
P0258,Product_0258,Home,523.48
P0259,Product_0259,Electronics,9818.95
P0260,Product_0260,Grocery,2029.28
P0261,Product_0261,Footwear,5328.08
P0262,Product_0262,Beauty,244.46
P0263,Product_0263,Electronics,59658.27
P0264,Product_0264,Beauty,2181.01
P0265,Product_0265,Electronics,53217.76
P0266,Product_0266,Accessories,2448.01
P0267,Product_0267,Home,1149.19
P0268,Product_0268,Electronics,51420.08
P0269,Product_0269,Sports,11884.86
P0270,Product_0270,Clothing,1033.09
P0271,Product_0271,Footwear,10769.23
P0272,Product_0272,Grocery,585.61
P0273,Product_0273,Clothing,2287.33
P0274,Product_0274,Grocery,1605.2
P0275,Product_0275,Home,8189.71
P0276,Product_0276,Accessories,2602.19
P0277,Product_0277,Clothing,3676.28
P0278,Product_0278,Clothing,3657.94
P0279,Product_0279,Beauty,4623.07
P0280,Product_0280,Sports,12972.74
P0281,Product_0281,Electronics,78830.79
P0282,Product_0282,Clothing,3098.28
P0283,Product_0283,Accessories,2122.47
P0284,Product_0284,Grocery,758.29
P0285,Product_0285,Grocery,769.71
P0286,Product_0286,Clothing,1009.34
P0287,Product_0287,Clothing,3715.33
P0288,Product_0288,Grocery,1980.01
P0289,Product_0289,Grocery,912.27
P0290,Product_0290,Home,22357.37
P0291,Product_0291,Beauty,2828.59
P0292,Product_0292,Accessories,531.29
P0293,Product_0293,Clothing,588.82
P0294,Product_0294,Home,4008.08
P0295,Product_0295,Footwear,3087.28
P0296,Product_0296,Clothing,4470.96
P0297,Product_0297,Clothing,3958.71
P0298,Product_0298,Home,5442.24
P0299,Product_0299,Beauty,1355.19
P0300,Product_0300,Grocery,1928.52
P0301,Product_0301,Home,21852.32
P0302,Product_0302,Sports,4955.92
P0303,Product_0303,Home,13374.67
P0304,Product_0304,Grocery,2676.61
P0305,Product_0305,Clothing,3921.97
P0306,Product_0306,Electronics,71483.49
P0307,Product_0307,Grocery,870.32
P0308,Product_0308,Grocery,2088.26
P0309,Product_0309,Grocery,386.34
P0310,Product_0310,Electronics,49872.32
P0311,Product_0311,Home,7948.63
P0312,Product_0312,Electronics,56566.2
P0313,Product_0313,Footwear,2303.18
P0314,Product_0314,Grocery,2013.46
P0315,Product_0315,Electronics,57118.75
P0316,Product_0316,Electronics,68786.77
P0317,Product_0317,Clothing,3529.26
P0318,Product_0318,Beauty,2685.89
P0319,Product_0319,Electronics,63056.53
P0320,Product_0320,Home,7468.61
P0321,Product_0321,Sports,10258.76
P0322,Product_0322,Clothing,3705.28
P0323,Product_0323,Sports,6070.36
P0324,Product_0324,Electronics,79133.87
P0325,Product_0325,Sports,5534.52
P0326,Product_0326,Grocery,299.25
P0327,Product_0327,Footwear,4129.26
P0328,Product_0328,Clothing,767.35
P0329,Product_0329,Beauty,1795.63
P0330,Product_0330,Clothing,901
P0331,Product_0331,Clothing,2365.81
P0332,Product_0332,Electronics,62571.07
P0333,Product_0333,Beauty,477.1
P0334,Product_0334,Home,14296.14
P0335,Product_0335,Accessories,410.37
P0336,Product_0336,Beauty,4440.35
P0337,Product_0337,Accessories,4622.64
P0338,Product_0338,Accessories,2563.32
P0339,Product_0339,Electronics,61884.65
P0340,Product_0340,Footwear,7399.89
P0341,Product_0341,Clothing,1901.12
P0342,Product_0342,Clothing,1452.16
P0343,Product_0343,Sports,11451.36
P0344,Product_0344,Beauty,2235.4
P0345,Product_0345,Home,23045.84
P0346,Product_0346,Sports,14642.67
P0347,Product_0347,Beauty,1170.4
P0348,Product_0348,Clothing,2937
P0349,Product_0349,Home,13654.89
P0350,Product_0350,Beauty,4360.28
P0351,Product_0351,Electronics,55742.32
P0352,Product_0352,Accessories,3115.41
P0353,Product_0353,Beauty,3443.27
P0354,Product_0354,Sports,6025.03
P0355,Product_0355,Home,24027.14
P0356,Product_0356,Home,1911.83
P0357,Product_0357,Clothing,436.91
P0358,Product_0358,Electronics,34123.79
P0359,Product_0359,Accessories,941.96
P0360,Product_0360,Electronics,44266.83
P0361,Product_0361,Accessories,243.25
P0362,Product_0362,Footwear,5894.42
P0363,Product_0363,Electronics,24651.58
P0364,Product_0364,Footwear,2986.67
P0365,Product_0365,Accessories,2334.32
P0366,Product_0366,Home,21436.45
P0367,Product_0367,Grocery,1983.41
P0368,Product_0368,Grocery,521.83
P0369,Product_0369,Footwear,6337.27
P0370,Product_0370,Sports,13995.57
P0371,Product_0371,Sports,6756.6
P0372,Product_0372,Accessories,2458.62
P0373,Product_0373,Accessories,4718.52
P0374,Product_0374,Sports,2296.38
P0375,Product_0375,Grocery,2218.37
P0376,Product_0376,Footwear,4080.52
P0377,Product_0377,Beauty,4349.57
P0378,Product_0378,Electronics,5767.46
P0379,Product_0379,Beauty,4953.45
P0380,Product_0380,Grocery,2317.4
P0381,Product_0381,Home,7466.16
P0382,Product_0382,Grocery,2294.52
P0383,Product_0383,Accessories,4630.25
P0384,Product_0384,Electronics,10364.02
P0385,Product_0385,Accessories,4585.18
P0386,Product_0386,Accessories,1928.84
P0387,Product_0387,Grocery,69.05
P0388,Product_0388,Sports,1952.59
P0389,Product_0389,Accessories,4447.01
P0390,Product_0390,Electronics,78639.32
P0391,Product_0391,Clothing,4508.25
P0392,Product_0392,Home,11317.65
P0393,Product_0393,Home,24054.55
P0394,Product_0394,Clothing,2212.2
P0395,Product_0395,Accessories,745.74
P0396,Product_0396,Clothing,1902.43
P0397,Product_0397,Beauty,4992.34
P0398,Product_0398,Footwear,7773.19
P0399,Product_0399,Footwear,4541.99
P0400,Product_0400,Electronics,50498.06
P0401,Product_0401,Electronics,35187.16
P0402,Product_0402,Footwear,1259.9
P0403,Product_0403,Beauty,1125.47
P0404,Product_0404,Beauty,243.29
P0405,Product_0405,Clothing,1497.52
P0406,Product_0406,Grocery,2231.72
P0407,Product_0407,Sports,3141.78
P0408,Product_0408,Grocery,1607.77
P0409,Product_0409,Beauty,3552.78
P0410,Product_0410,Grocery,1668.61
P0411,Product_0411,Electronics,2706.59
P0412,Product_0412,Sports,5641.13
P0413,Product_0413,Clothing,2375.66
P0414,Product_0414,Electronics,28406.14
P0415,Product_0415,Grocery,1661.48
P0416,Product_0416,Home,13072.27
P0417,Product_0417,Clothing,1181.02
P0418,Product_0418,Footwear,9197.31
P0419,Product_0419,Footwear,2521.15
P0420,Product_0420,Beauty,2375.98
P0421,Product_0421,Sports,11417.64
P0422,Product_0422,Electronics,56235.09
P0423,Product_0423,Clothing,2331.27
P0424,Product_0424,Accessories,3986.82
P0425,Product_0425,Sports,10792.24
P0426,Product_0426,Grocery,1184.38
P0427,Product_0427,Footwear,10819.3
P0428,Product_0428,Footwear,2304.14
P0429,Product_0429,Clothing,1984.87
P0430,Product_0430,Clothing,3579.71
P0431,Product_0431,Electronics,70028.73
P0432,Product_0432,Grocery,1001.61
P0433,Product_0433,Grocery,1705.67
P0434,Product_0434,Beauty,207.42
P0435,Product_0435,Beauty,1948.59
P0436,Product_0436,Accessories,1788.49
P0437,Product_0437,Grocery,2535.29
P0438,Product_0438,Sports,1387.46
P0439,Product_0439,Footwear,1401.89
P0440,Product_0440,Clothing,2380.7
P0441,Product_0441,Grocery,1251.8
P0442,Product_0442,Footwear,2525.63
P0443,Product_0443,Sports,4171.16
P0444,Product_0444,Grocery,2923.87
P0445,Product_0445,Accessories,2663.28
P0446,Product_0446,Beauty,576.09
P0447,Product_0447,Grocery,196.75
P0448,Product_0448,Beauty,353.4
P0449,Product_0449,Sports,6018.58
P0450,Product_0450,Home,21707.63
P0451,Product_0451,Home,20906.46
P0452,Product_0452,Accessories,1965.85
P0453,Product_0453,Clothing,3939.79
P0454,Product_0454,Home,18930.09
P0455,Product_0455,Sports,7400.03
P0456,Product_0456,Sports,6244.5
P0457,Product_0457,Clothing,1148.58
P0458,Product_0458,Electronics,23383.52
P0459,Product_0459,Footwear,4527.26
P0460,Product_0460,Sports,12246.95
P0461,Product_0461,Grocery,1681.21
P0462,Product_0462,Electronics,17271.79
P0463,Product_0463,Grocery,332.69
P0464,Product_0464,Sports,7600.96
P0465,Product_0465,Sports,10094.85
P0466,Product_0466,Home,20562.65
P0467,Product_0467,Home,20034.21
P0468,Product_0468,Clothing,4173.53
P0469,Product_0469,Home,11472.26
P0470,Product_0470,Clothing,4368.59
P0471,Product_0471,Accessories,2334.12
P0472,Product_0472,Home,4618.97
P0473,Product_0473,Accessories,2107.42
P0474,Product_0474,Accessories,1832.12
P0475,Product_0475,Beauty,2052.06
P0476,Product_0476,Footwear,8142.4
P0477,Product_0477,Beauty,3336.05
P0478,Product_0478,Clothing,1357.04
P0479,Product_0479,Accessories,1716.47
P0480,Product_0480,Footwear,7427.51
P0481,Product_0481,Home,2561.15
P0482,Product_0482,Home,17372.27
P0483,Product_0483,Accessories,1058.68
P0484,Product_0484,Beauty,4275.95
P0485,Product_0485,Home,10338.9
P0486,Product_0486,Clothing,1337.79
P0487,Product_0487,Sports,10116.96
P0488,Product_0488,Home,14073.75
P0489,Product_0489,Electronics,14996.95
P0490,Product_0490,Home,20765.45
P0491,Product_0491,Accessories,2375.79
P0492,Product_0492,Footwear,2420.37
P0493,Product_0493,Clothing,4042.06
P0494,Product_0494,Clothing,927.14
P0495,Product_0495,Footwear,11638.84
P0496,Product_0496,Clothing,2376.51
P0497,Product_0497,Grocery,2198.26
P0498,Product_0498,Beauty,2342.04
P0499,Product_0499,Accessories,1100.3
P0500,Product_0500,Accessories,3838.95
